patient,age,age_group,age_precision,severity,healthy_status,diagnoses,previous_surgery,surgery_status,available_structures,structure_evidence,stress_tags,artifacts
pat0,10.0,6-11,reported_integer_years,moderate,pathological,VSD;DORV,PABanding,reported,LV;RV;LA;RA;AO;PA;SVC;IVC,dataset_protocol_not_case_verified,DORV,
pat1,11.0,6-11,reported_integer_years,mild,no_structural_cardiac_abnormality_reported,,,not_reported,LV;RV;LA;RA;AO;PA;SVC;IVC,dataset_protocol_not_case_verified,,
pat12,16.0,12-17,reported_integer_years,mild,no_structural_cardiac_abnormality_reported,,,not_reported,LV;RV;LA;RA;AO;PA;SVC;IVC,dataset_protocol_not_case_verified,,
pat14,13.0,12-17,reported_integer_years,moderate,pathological,VSD;ASD,,not_reported,LV;RV;LA;RA;AO;PA;SVC;IVC,dataset_protocol_not_case_verified,,
pat16,15.0,12-17,reported_integer_years,severe,pathological,VSD;DORV;Dextrocardia;InvertedVentricles;LeftCentralIVC;LeftCentralSVC;CommonAtrium;Heterotaxy,Glenn;Fontan,reported,LV;RV;LA;RA;AO;PA;SVC;IVC,dataset_protocol_not_case_verified,DORV;InvertedVentricles;CommonAtrium;Glenn;Fontan;Heterotaxy,
pat17,17.0,12-17,reported_integer_years,moderate,pathological,SevereDilation,,not_reported,LV;RV;LA;RA;AO;PA;SVC;IVC,dataset_protocol_not_case_verified,,
pat18,16.0,12-17,reported_integer_years,mild,pathological,MildModerateDilation,,not_reported,LV;RV;LA;RA;AO;PA;SVC;IVC,dataset_protocol_not_case_verified,,
pat2,16.0,12-17,reported_integer_years,mild,pathological,Marfan,,not_reported,LV;RV;LA;RA;AO;PA;SVC;IVC,dataset_protocol_not_case_verified,,
pat21,14.0,12-17,reported_integer_years,severe,pathological,InvertedVentricles;InvertedAtria,AtrialSwitch;Rastelli,reported,LV;RV;LA;RA;AO;PA;SVC;IVC,dataset_protocol_not_case_verified,InvertedVentricles;InvertedAtria,
pat23,17.0,12-17,reported_integer_years,moderate,pathological,SevereDilation,,not_reported,LV;RV;LA;RA;AO;PA;SVC;IVC,dataset_protocol_not_case_verified,,CMRArtifactAO
pat24,3.0,2-5,reported_integer_years,moderate,pathological,TortuousVessels,,not_reported,LV;RV;LA;RA;AO;PA;SVC;IVC,dataset_protocol_not_case_verified,,
pat27,17.0,12-17,reported_integer_years,mild,no_structural_cardiac_abnormality_reported,,,not_reported,LV;RV;LA;RA;AO;PA;SVC;IVC,dataset_protocol_not_case_verified,,
pat28,2.0,2-5,reported_integer_years,severe,pathological,VSD;ASD;InvertedVentricles,ArterialSwitch;Glenn;PABanding,reported,LV;RV;LA;RA;AO;PA;SVC;IVC,dataset_protocol_not_case_verified,InvertedVentricles;Glenn,CMRArtifactAO
pat30,6.0,6-11,reported_integer_years,severe,pathological,VSD;DORV;BilateralSVC;LeftCentralIVC;CommonAtrium;Heterotaxy,Glenn,reported,LV;RV;LA;RA;AO;PA;SVC;IVC,dataset_protocol_not_case_verified,DORV;CommonAtrium;Glenn;Heterotaxy,
pat31,17.0,12-17,reported_integer_years,severe,pathological,VSD;ASD;DORV;Mesocardia;InvertedAtria;LeftCentralIVC;LeftCentralSVC;Heterotaxy,Glenn;Fontan,reported,LV;RV;LA;RA;AO;PA;SVC;IVC,dataset_protocol_not_case_verified,DORV;InvertedAtria;Glenn;Fontan;Heterotaxy,CMRArtifactPA
pat32,14.0,12-17,reported_integer_years,severe,pathological,VSD;ASD;DORV,Glenn;Fontan;AOPAAnastamosis,reported,LV;RV;LA;RA;AO;PA;SVC;IVC,dataset_protocol_not_case_verified,DORV;Glenn;Fontan,CMRArtifactPA
pat33,10.0,6-11,reported_integer_years,severe,pathological,VSD;ASD;DORV;PAAtresiaOrMPAStump,Glenn;Fontan,reported,LV;RV;LA;RA;AO;PA;SVC;IVC,dataset_protocol_not_case_verified,DORV;Glenn;Fontan;PAAtresiaOrMPAStump,
pat34,12.0,12-17,reported_integer_years,severe,pathological,VSD;DORV;SuperoinferiorVentricles,Glenn,reported,LV;RV;LA;RA;AO;PA;SVC;IVC,dataset_protocol_not_case_verified,DORV;Glenn;SuperoinferiorVentricles,
pat35,3.0,2-5,reported_integer_years,severe,pathological,VSD;ASD;DORV;BilateralSVC;Dextrocardia;InvertedVentricles;InvertedAtria;LeftCentralIVC,Glenn,reported,LV;RV;LA;RA;AO;PA;SVC;IVC,dataset_protocol_not_case_verified,DORV;InvertedVentricles;InvertedAtria;Glenn,
pat36,2.0,2-5,reported_integer_years,severe,pathological,VSD;ASD;InvertedVentricles;LeftCentralIVC;Heterotaxy,Glenn;AOPAAnastamosis,reported,LV;RV;LA;RA;AO;PA;SVC;IVC,dataset_protocol_not_case_verified,InvertedVentricles;Glenn;Heterotaxy,CMRArtifactPA
pat37,2.0,2-5,reported_integer_years,severe,pathological,VSD;DLoopTGA,Glenn,reported,LV;RV;LA;RA;AO;PA;SVC;IVC,dataset_protocol_not_case_verified,DLoopTGA;Glenn,
pat4,2.0,2-5,reported_integer_years,severe,pathological,VSD;ASD;DORV;Mesocardia;InvertedVentricles;PAAtresiaOrMPAStump,,not_reported,LV;RV;LA;RA;AO;PA;SVC;IVC,dataset_protocol_not_case_verified,DORV;InvertedVentricles;PAAtresiaOrMPAStump,
pat40,3.0,2-5,reported_integer_years,severe,pathological,VSD;ASD;DLoopTGA;Mesocardia;InvertedAtria;LeftCentralIVC;LeftCentralSVC,,not_reported,LV;RV;LA;RA;AO;PA;SVC;IVC,dataset_protocol_not_case_verified,DLoopTGA;InvertedAtria,CMRArtifactPA
pat41,5.0,2-5,reported_integer_years,severe,pathological,VSD;ASD;DORV;Dextrocardia;InvertedVentricles;LeftCentralIVC,Glenn;Fontan,reported,LV;RV;LA;RA;AO;PA;SVC;IVC,dataset_protocol_not_case_verified,DORV;InvertedVentricles;Glenn;Fontan,CMRArtifactAO
pat42,6.0,6-11,reported_integer_years,severe,pathological,VSD;ASD;DORV;InvertedVentricles,Glenn;Fontan,reported,LV;RV;LA;RA;AO;PA;SVC;IVC,dataset_protocol_not_case_verified,DORV;InvertedVentricles;Glenn;Fontan,CMRArtifactAO;CMRArtifactPA
pat44,2.0,2-5,reported_integer_years,severe,pathological,VSD;ASD;DLoopTGA;LeftCentralIVC;Heterotaxy;PAAtresiaOrMPAStump,Glenn,reported,LV;RV;LA;RA;AO;PA;SVC;IVC,dataset_protocol_not_case_verified,DLoopTGA;Glenn;Heterotaxy;PAAtresiaOrMPAStump,
pat45,2.0,2-5,reported_integer_years,severe,pathological,VSD;InvertedVentricles;LLoopTGA;CommonAtrium;Heterotaxy;PAAtresiaOrMPAStump,Glenn,reported,LV;RV;LA;RA;AO;PA;SVC;IVC,dataset_protocol_not_case_verified,InvertedVentricles;LLoopTGA;CommonAtrium;Glenn;Heterotaxy;PAAtresiaOrMPAStump,
pat46,2.0,2-5,reported_integer_years,severe,pathological,VSD;ASD;DLoopTGA;Dextrocardia;InvertedVentricles;SuperoinferiorVentricles,Glenn,reported,LV;RV;LA;RA;AO;PA;SVC;IVC,dataset_protocol_not_case_verified,DLoopTGA;InvertedVentricles;Glenn;SuperoinferiorVentricles,CMRArtifactPA
pat47,5.0,2-5,reported_integer_years,severe,pathological,VSD;DORV;BilateralSVC;Dextrocardia;InvertedVentricles;LeftCentralIVC;CommonAtrium;Heterotaxy;PAAtresiaOrMPAStump,Glenn,reported,LV;RV;LA;RA;AO;PA;SVC;IVC,dataset_protocol_not_case_verified,DORV;InvertedVentricles;CommonAtrium;Glenn;Heterotaxy;PAAtresiaOrMPAStump,
pat5,4.0,2-5,reported_integer_years,mild,no_structural_cardiac_abnormality_reported,,,not_reported,LV;RV;LA;RA;AO;PA;SVC;IVC,dataset_protocol_not_case_verified,,
pat50,9.0,6-11,reported_integer_years,severe,pathological,DORV;LeftCentralIVC;LeftCentralSVC;SingleVentricle;CommonAtrium;Heterotaxy;PAAtresiaOrMPAStump,Glenn,reported,LV;RV;LA;RA;AO;PA;SVC;IVC,dataset_protocol_not_case_verified,DORV;SingleVentricle;CommonAtrium;Glenn;Heterotaxy;PAAtresiaOrMPAStump,CMRArtifactPA
pat51,12.0,12-17,reported_integer_years,severe,pathological,InvertedVentricles;LLoopTGA;DILV,,not_reported,LV;RV;LA;RA;AO;PA;SVC;IVC,dataset_protocol_not_case_verified,InvertedVentricles;LLoopTGA;DILV,
pat53,2.0,2-5,reported_integer_years,severe,pathological,ASD;DLoopTGA;DILV,Glenn;AOPAAnastamosis,reported,LV;RV;LA;RA;AO;PA;SVC;IVC,dataset_protocol_not_case_verified,DLoopTGA;DILV;Glenn,CMRArtifactPA
pat54,14.0,12-17,reported_integer_years,severe,pathological,ASD;DLoopTGA;DILV,Glenn;Fontan;AOPAAnastamosis,reported,LV;RV;LA;RA;AO;PA;SVC;IVC,dataset_protocol_not_case_verified,DLoopTGA;DILV;Glenn;Fontan,
pat6,3.0,2-5,reported_integer_years,mild,pathological,MildModerateDilation,,not_reported,LV;RV;LA;RA;AO;PA;SVC;IVC,dataset_protocol_not_case_verified,,
pat8,14.0,12-17,reported_integer_years,mild,no_structural_cardiac_abnormality_reported,,,not_reported,LV;RV;LA;RA;AO;PA;SVC;IVC,dataset_protocol_not_case_verified,,
